﻿<?xml version="1.0" encoding="utf-8"?>
<PersistableFontDetails xmlns:xsd="http://www.w3.org/2001/XMLSchema" xmlns:xsi="http://www.w3.org/2001/XMLSchema-instance">
  <Letterset>ABCDEFGHIJKLMNOPQRSTUVWXYZabcdefghijklmnopqrstuvwxyz0123456789.,;:?!-_~#"'&amp;()[]|`\/@°+=*$£€&lt;&gt;%</Letterset>
  <AdjustHeight>0</AdjustHeight>
  <AdjustWidth>0</AdjustWidth>
  <SampleText>Pixelated TopShooter</SampleText>
  <ShiftHorz>0</ShiftHorz>
  <ShiftVert>0</ShiftVert>
  <ShowGrid>true</ShowGrid>
  <ShowBoundary>false</ShowBoundary>
  <Size>48</Size>
  <StrikeOut>false</StrikeOut>
  <Underline>false</Underline>
  <IsFill>true</IsFill>
  <IsOutlineOne>true</IsOutlineOne>
  <IsOutlineTwo>true</IsOutlineTwo>
  <IsShadow>false</IsShadow>
  <OutlineOneWidth>5</OutlineOneWidth>
  <OutlineTwoWidth>7</OutlineTwoWidth>
  <ShadowWidth>4</ShadowWidth>
  <ShadowOffsetX>4</ShadowOffsetX>
  <ShadowOffsetY>4</ShadowOffsetY>
  <FontStyleDisplayName>Regular</FontStyleDisplayName>
  <Height>58</Height>
  <Width>57</Width>
  <FontFamilyName>Bangers</FontFamilyName>
  <FontStyleName>Normal</FontStyleName>
  <FontStretchName>Normal</FontStretchName>
  <FontWeightName>Normal</FontWeightName>
  <FillColourName>#FFFFFFFF</FillColourName>
  <OutlineOneColourName>#FF000000</OutlineOneColourName>
  <OutlineTwoColourName>#FFFFFFFF</OutlineTwoColourName>
  <ShadowColourName>#80000000</ShadowColourName>
  <SampleBackgroundColourName>#FF008000</SampleBackgroundColourName>
</PersistableFontDetails>